SupplierID,SupplierName,ContactInfo,Region,LocationID
1,Davis-Baldwin,fullervirginia@yahoo.com,East,60
2,Harvey Ltd,zmcfarland@hotmail.com,East,40
3,"Murray, Hicks and Patrick",jaredmendez@yahoo.com,North,197
4,"Mendoza, Ryan and Kim",richjames@adams-coleman.com,West,44
5,Brown-Brown,taylormargaret@ray.info,West,178
6,Frank Ltd,rwhite@yahoo.com,North,19
7,Bates-Becker,scampbell@ashley.info,West,162
8,Stein and Sons,rhondamorrison@yahoo.com,North,96
9,Andersen-Hanson,andrew78@yahoo.com,South,101
10,Brown-Gilbert,millerbrett@thompson.org,West,10
11,Foster Group,seanjordan@gallagher-ortiz.biz,East,71
12,Fischer-Nunez,jamesedwards@gmail.com,West,123
13,Warner Inc,hwilson@sparks-conley.biz,North,183
14,"Jones, Owen and Price",monicamejia@gmail.com,East,40
15,"Potter, Page and Cortez",mhaynes@jones.info,East,198
16,Beasley-Stewart,montoyatonya@flynn.org,South,198
17,Daniel-Hatfield,kevin05@rogers-ramirez.com,North,184
18,"Jarvis, Larson and Kemp",ryanjudith@hotmail.com,West,22
19,"Moore, Swanson and Henderson",kelsey96@hotmail.com,West,42
20,Spence-Smith,michaelsimpson@pope.com,West,78
21,Payne and Sons,edixon@white.biz,South,185
22,"Hernandez, Rodriguez and Shepherd",rebeccabrown@miller.biz,South,123
23,Houston-Avila,jeffrey50@carter.info,West,123
24,Taylor-Walker,tara48@hotmail.com,West,189
25,Lane Group,luissalas@morgan-allen.com,North,74
26,Collins-Hammond,william75@yahoo.com,East,189
27,Morrison-Ball,megan41@hotmail.com,North,10
28,Clark Inc,bowersthomas@joyce-martinez.com,East,198
29,"Rodriguez, Oneill and Schmidt",hpark@yahoo.com,East,74
30,"Kennedy, Patton and Lynch",hwade@howard.com,South,197
31,Mclaughlin PLC,qwilcox@rogers-hernandez.com,South,22
32,Richardson-Austin,jessica76@hotmail.com,South,130
33,"Aguilar, Ritter and Baird",brownaustin@hotmail.com,East,197
34,"Williams, Delgado and Friedman",samanthaadams@valdez.biz,South,62
35,Mayer-Roy,chenderson@yahoo.com,West,184
36,"Allen, Mcmillan and Powers",hhahn@holmes.org,West,44
37,Taylor-Huerta,karenhernandez@gmail.com,East,178
38,"Summers, Mcmahon and Burton",gonzalezroberto@yahoo.com,East,42
39,"Maxwell, Carter and Lara",ggray@yahoo.com,South,76
40,Mitchell-Wilson,matthew57@walters.com,East,184
41,King Ltd,qwilson@hester.biz,North,85
42,"Brown, Irwin and Blair",youngmichael@gmail.com,North,82
43,Wagner Inc,christineramirez@carter-schultz.com,East,42
44,"Hampton, Miller and Russell",martinanthony@vazquez.info,West,22
45,Hansen-Drake,sanchezbradley@hotmail.com,East,44
46,"Mcdonald, Davis and Hancock",jasondiaz@davis-baker.info,North,198
47,"Todd, Goodman and Payne",elizabeth71@bass-smith.biz,North,85
48,"Bailey, Barnett and Cooper",brooke64@gonzalez.com,North,76
49,West Group,rossmason@hotmail.com,North,19
50,Flynn LLC,hernandezwilliam@yahoo.com,South,197
51,Smith and Sons,brenda34@collins-thompson.com,North,192
52,"Davis, Martinez and Martin",colleen16@joyce-harris.biz,West,91
53,Kidd-Montgomery,qgarner@hotmail.com,South,184
54,Rodriguez PLC,ohawkins@hotmail.com,West,91
55,Thornton-Cox,jvalencia@yahoo.com,West,184
56,Logan LLC,tcooper@serrano.org,West,44
57,Gray Group,nancy72@rodriguez.com,East,189
58,Galloway LLC,claudiagarcia@wright.com,West,168
59,Jones LLC,christineflores@mercer.com,West,200
60,Lee-Brooks,jonathanspence@thomas.net,West,19
61,Moore Ltd,andrew79@yahoo.com,South,74
62,Chandler LLC,victorcollins@riggs-jacobs.net,West,19
63,Jackson-Dalton,michael48@gmail.com,East,135
64,"Spencer, Coleman and Stewart",uevans@garcia.com,North,198
65,"Brown, Travis and Parks",hopkinstimothy@gmail.com,North,71
66,"Smith, Perez and Rice",eflores@williamson-mora.com,North,185
67,Hopkins LLC,edward93@hotmail.com,West,168
68,Perkins-Hamilton,uhull@yahoo.com,East,162
69,"White, Hernandez and Gibbs",sandersvictoria@yahoo.com,South,76
70,"Cervantes, Hicks and Martinez",chrishansen@lee-lopez.info,South,42
71,Dickson Ltd,nielsenjennifer@franklin.com,West,43
72,"Copeland, Hughes and Harris",robert07@padilla.com,West,19
73,Sanchez-Cannon,olsenanthony@hotmail.com,North,22
74,Cortez LLC,georgewright@gmail.com,East,42
75,Douglas-Bell,tina92@gmail.com,East,198
76,Murray-Welch,waguilar@hotmail.com,South,40
77,Wilson Inc,stephaniewilliams@gmail.com,North,53
78,Higgins-Patterson,richardsmith@brock-lee.biz,North,168
79,Richardson and Sons,llong@kelley.com,East,10
80,Atkinson LLC,joyce20@hotmail.com,North,130
81,James Group,ounderwood@hotmail.com,South,178
82,Bell Group,garciacynthia@simon.com,North,123
83,Flynn Group,lauren61@hotmail.com,West,200
84,Wood-Love,irobinson@hotmail.com,South,178
85,"Anderson, Farmer and Holloway",brookejimenez@yahoo.com,East,168
86,"Sandoval, Hughes and Harris",marquezheather@hood.com,West,135
87,"Maldonado, Gomez and Shelton",natashaelliott@bryant.net,North,178
88,Robinson and Sons,bdavis@yahoo.com,South,76
89,James PLC,ecantu@lawrence.net,North,76
90,Summers-Kennedy,pturner@sanchez-thompson.com,West,62
91,Jackson PLC,wilsonjason@gmail.com,East,74
92,Burgess-Black,john89@chambers.net,West,168
93,Rice Inc,amanda93@parks.com,North,192
94,Cowan and Sons,iwilliams@mccarthy.com,East,48
95,Wilson-Brown,qrogers@ortiz-sanchez.com,East,22
96,Lindsey LLC,bennettsheila@gmail.com,South,60
97,"Johnson, Armstrong and Coleman",ihawkins@castillo.com,South,96
98,Johnson-Gilbert,wilsonjillian@davis.com,North,62
99,"Washington, Mckay and Garcia",bholden@gmail.com,East,42
100,"Grimes, Jordan and Evans",andrew50@james.com,North,74
